{"cameraMode":{"drawMode":0,"name":"Shaded","section":"Shading Mode"},"sceneLighting":false,"audioPlay":false,"sceneViewState":{"m_AlwaysRefresh":false,"showFog":true,"showSkybox":false,"showFlares":true,"showImageEffects":true,"showParticleSystems":true,"showVisualEffectGraphs":true,"m_FxEnabled":true},"in2DMode":false,"pivot":{"x":-1.5644460916519166,"y":2.9524059295654299,"z":-0.021486401557922365},"rotation":{"x":-0.06784319877624512,"y":0.2826498746871948,"z":-0.020255867391824724,"w":-0.957355797290802},"size":1.0694880485534669,"orthographic":false}